CD_ATIVO;Setor
AMER3;Consumo Ciclico
ALPK3;Industriais
CLSC3;Utilidades
CLSC4;Utilidades
BRAV3;Energia
EMBR3;Industriais
HAPV3;Servicos Financeiros
JBSS3;Consumo Defensivo
LREN3;Consumo Ciclico
MRFG3;Consumo Defensivo
NTCO3;Consumo Ciclico
RAIL3;Industriais
SLCE3;Consumo Defensivo
TIMS3;Servicos de Comunicacao
ALOS3;Imoveis
ASAI3;Consumo Defensivo
B3SA3;Servicos Financeiros
BBSE3;Servicos Financeiros
BRFS3;Consumo Defensivo
CPLE3;Utilidades
CSAN3;Energia
ECOR3;Industriais
IRBR3;Servicos Financeiros
PRIO3;Energia
RENT3;Industriais
UGPA3;Energia
VALE3;Materiais Basicos
AZZA3;Consumo Ciclico
BBAS3;Servicos Financeiros
DIRR3;Imoveis
ENEV3;Utilidades
EQTL3;Utilidades
HYPE3;Saude
MULT3;Imoveis
RADL3;Saude
STBP3;Industriais
SUZB3;Materiais Basicos
VIVA3;Consumo Ciclico
WEGE3;Industriais
YDUQ3;Consumo Defensivo
ABEV3;Consumo Defensivo
BBDC3;Servicos Financeiros
CCRO3;Industriais
CURY3;Imoveis
CXSE3;Servicos Financeiros
ELET3;Utilidades
GMAT3;Consumo Ciclico
INTB3;Tecnologia
PETR3;Energia
PETZ3;Consumo Ciclico
PSSA3;Servicos Financeiros
RECV3;Energia
SBSP3;Utilidades
TOTS3;Tecnologia
VBBR3;Consumo Ciclico
VIVT3;Servicos de Comunicacao
VULC3;Consumo Ciclico
ITSA4;Industriais
ITUB4;Servicos Financeiros
BRKM5;Materiais Basicos
GOAU4;Materiais Basicos
PETR4;Energia
BBDC4;Servicos Financeiros
ELET6;Utilidades
GGBR4;Materiais Basicos
CMIG4;Utilidades
CPLE6;Utilidades
POMO4;Industriais
MRVE3;Imoveis
BEEF3;Consumo Defensivo
LWSA3;Tecnologia
AURE3;Utilidades
CRFB3;Consumo Defensivo
FLRY3;Saude
RDOR3;Saude
CSNA3;Materiais Basicos
CVCB3;Consumo Ciclico
COGN3;Consumo Defensivo
CPFE3;Utilidades
MGLU3;Consumo Ciclico
PCAR3;Consumo Ciclico
CMIN3;Materiais Basicos
CYRE3;Consumo Ciclico
AMOB3;Consumo Ciclico
EGIE3;Utilidades
SMTO3;Materiais Basicos
VAMO3;Industriais
USIM5;Materiais Basicos
BRAP4;Servicos Financeiros
AZUL4;Industriais
RAIZ4;Utilidades
ISAE4;Utilidades
AMBP3;Industriais
CEAB3;Consumo Ciclico
CSMG3;Utilidades
EZTC3;Imoveis
GGPS3;Industriais
MOVI3;Industriais
ONCO3;Saude
SMFT3;Consumo Ciclico
TEND3;Imoveis
ALPA4;Consumo Ciclico
ANIM3;Consumo Defensivo
MEAL3;Consumo Ciclico
ORVR3;Industriais
SIMH3;Industriais
SRNA3;Utilidades
ABCB4;Servicos Financeiros
BPAN4;Servicos Financeiros
GSHP3;Imoveis
PTBL3;Industriais
PTNT3;Consumo Ciclico
SHOW3;Consumo Ciclico
BRSR6;Servicos Financeiros
PTNT4;Consumo Ciclico
DESK3;Servicos de Comunicacao
PNVL3;Saude
CEBR3;Utilidades
COCE5;Utilidades
FRAS3;Consumo Ciclico
MDNE3;Imoveis
PRNR3;Industriais
ITUB3;Servicos Financeiros
KEPL3;Industriais
MDIA3;Consumo Defensivo
ELMD3;Consumo Ciclico
MLAS3;Tecnologia
ENGI4;Utilidades
CGRA3;Consumo Ciclico
CGRA4;Consumo Ciclico
OIBR3;Servicos de Comunicacao
TTEN3;Materiais Basicos
SCAR3;Imoveis
CEEB3;Utilidades
MELK3;Imoveis
NEOE3;Utilidades
POMO3;Industriais
POSI3;Tecnologia
TECN3;Consumo Ciclico
TGMA3;Industriais
VITT3;Materiais Basicos
WEST3;Consumo Ciclico
MYPK3;Consumo Ciclico
QUAL3;Saude
TUPY3;Industriais
RAPT4;Industriais
OPCT3;Industriais
ARML3;Industriais
TFCO4;Consumo Ciclico
ELET5;Utilidades
ALPA3;Consumo Ciclico
ENJU3;Consumo Ciclico
HBRE3;Imoveis
HBSA3;Industriais
VVEO3;Saude
BHIA3;Consumo Ciclico
JALL3;Consumo Defensivo
EUCA3;Industriais
EKTR3;Utilidades
CSED3;Consumo Defensivo
AFLT3;Utilidades
EUCA4;Industriais
EKTR4;Utilidades
CEEB5;Utilidades
RAPT3;Industriais
BDLL4;Industriais
DOHL4;Consumo Ciclico
VSTE3;Consumo Ciclico
BIOM3;Saude
EVEN3;Imoveis
PLPL3;Imoveis
ITSA3;Industriais
EMAE3;Utilidades
BPAC5;Servicos Financeiros
GUAR3;Consumo Ciclico
LJQQ3;Consumo Ciclico
KRSA3;Saude
MATD3;Saude
PORT3;Industriais
DASA3;Saude
TASA4;Industriais
VLID3;Industriais
ODPV3;Saude
JHSF3;Imoveis
CAML3;Consumo Defensivo
CBAV3;Materiais Basicos
ETER3;Industriais
GGBR3;Materiais Basicos
GOAU3;Materiais Basicos
LPSB3;Imoveis
TASA3;Industriais
UCAS3;Consumo Ciclico
CRPG5;Materiais Basicos
UNIP6;Materiais Basicos
WHRL4;Consumo Ciclico
PFRM3;Saude
SJOS4;Consumo Ciclico
GFSA3;Consumo Ciclico
HBOR3;Imoveis
MTRE3;Imoveis
IFCM3;Industriais
TELB3;Servicos de Comunicacao
TELB4;Servicos de Comunicacao
MILS3;Industriais
LAVV3;Imoveis
CSUD3;Tecnologia
LIGT3;Utilidades
DXCO3;Materiais Basicos
SHUL4;Consumo Ciclico
DOTZ3;Servicos de Comunicacao
INEP3;Industriais
LVTC3;Servicos de Comunicacao
KLBN3;Materiais Basicos
LOGG3;Imoveis
SANB3;Servicos Financeiros
SAPR3;Utilidades
SOJA3;Materiais Basicos
TAEE3;Utilidades
KLBN4;Materiais Basicos
SANB4;Servicos Financeiros
SAPR4;Utilidades
TAEE4;Utilidades
CAMB3;Consumo Ciclico
CALI3;Industriais
AVLL3;Imoveis
JFEN3;Imoveis
SBFG3;Consumo Ciclico
SYNE3;Imoveis
OFSA3;Saude
MTSA3;Industriais
HAGA4;Industriais
MGEL4;Materiais Basicos
MTSA4;Industriais
AGRO3;Consumo Defensivo
BIED3;Consumo Defensivo
LEVE3;Consumo Ciclico
RANI3;Consumo Ciclico
SEER3;Consumo Defensivo
BMGB4;Servicos Financeiros
BLAU3;Saude
CMIG3;Utilidades
GRND3;Consumo Ciclico
MEND6;Industriais
JSLG3;Industriais
FESA4;Materiais Basicos
AERI3;Industriais
BMOB3;Servicos de Comunicacao
CLSA3;Tecnologia
ESPA3;Consumo Ciclico
FHER3;Materiais Basicos
MBLY3;Consumo Ciclico
PGMN3;Saude
RCSL3;Industriais
TRIS3;Imoveis
UNIP3;Materiais Basicos
ZAMP3;Consumo Ciclico
GOLL4;Consumo Ciclico
RSID3;Consumo Ciclico
PASS6;Utilidades
UNIP5;Materiais Basicos
LOGN3;Industriais
FIQE3;Servicos de Comunicacao
AMAR3;Consumo Ciclico
TCSA3;Imoveis
VTRU3;Consumo Defensivo
IGTI3;Imoveis
EMAE4;Utilidades
BAUH4;Consumo Defensivo
EQMA3B;Utilidades
WHRL3;Consumo Ciclico
BMEB4;Servicos Financeiros
LAND3;Consumo Defensivo
MOAR3;Industriais
ENMT3;Utilidades
AALR3;Saude
LUXM4;Industriais
PMAM3;Materiais Basicos
AGXY3;Materiais Basicos
ALLD3;Tecnologia
CASH3;Servicos de Comunicacao
BRST3;Servicos de Comunicacao
DEXP3;Materiais Basicos
DMVF3;Saude
LUPA3;Energia
MNDL3;Consumo Defensivo
NUTR3;Materiais Basicos
INEP4;Industriais
PTSL4;Tecnologia
AZEV3;Industriais
AZEV4;Industriais
GEPA3;Utilidades
LIPR3;Utilidades
MSPA3;Materiais Basicos
IMBI4;Industriais
MSPA4;Materiais Basicos
NGRD3;Tecnologia
TRAD3;Tecnologia
WIZC3;Servicos Financeiros
RDNI3;Imoveis
CTNM4;Consumo Ciclico
EGGY3;Consumo Defensivo
TKNO4;Materiais Basicos
ENGI3;Utilidades
USIM3;Materiais Basicos
RCSL4;Industriais
VIVR3;Imoveis
REAG3;Servicos Financeiros
NINJ3;Tecnologia
ENMT4;Utilidades
SEQL3;Industriais
AESB3;Utilidades
EQPA3;Utilidades
ROMI3;Industriais
EALT4;Industriais
BOBR4;Consumo Defensivo
BRAP3;Servicos Financeiros
PINE4;Servicos Financeiros
MNPR3;Consumo Defensivo
TPIS3;Industriais
CEBR6;Utilidades
PINE3;Servicos Financeiros
CGAS5;Utilidades
OIBR4;Servicos de Comunicacao
BEES3;Servicos Financeiros
PDTC3;Tecnologia
BGIP4;Servicos Financeiros
CEDO4;Consumo Ciclico
GEPA4;Utilidades
NEXP3;Imoveis
FRIO3;Consumo Ciclico
ALUP3;Utilidades
RNEW3;Utilidades
ALUP4;Utilidades
IGTI4;Imoveis
RNEW4;Utilidades
RPMG3;Energia
ATMP3;Industriais
BRKM3;Materiais Basicos
ISAE3;Utilidades
PDGR3;Imoveis
BSLI4;Servicos Financeiros
BSLI3;Servicos Financeiros
CTNM3;Consumo Ciclico
CEBR5;Utilidades
BAZA3;Servicos Financeiros
MAGG3;Consumo Ciclico
BPAR3;Servicos Financeiros
MSTR3;Outros
REDE3;Utilidades
HAGA3;Industriais
FIEI3;Imoveis
FBMC4;Industriais
SGPS3;Consumo Ciclico
COCE3;Utilidades
CEGR3;Utilidades
CEED4;Utilidades
ESTR4;Consumo Ciclico
CEED3;Utilidades
MRSA3B;Industriais
MRSA6B;Industriais
MRSA5B;Industriais
PASS5;Utilidades
EPAR3;Materiais Basicos
BALM4;Saude
BNBR3;Servicos Financeiros
CBEE3;Utilidades
CTKA4;Consumo Ciclico
BMEB3;Servicos Financeiros
TXRX4;Consumo Ciclico
SCLO4;Consumo Ciclico
MWET4;Consumo Ciclico
OPSE3;Outros
EQPA5;Utilidades
MERC4;Servicos Financeiros
CRPG6;Materiais Basicos
RSUL4;Consumo Ciclico
WLMM4;Consumo Ciclico
LAME4;Consumo Ciclico
ATED3;Servicos de Comunicacao
FICT3;Servicos de Comunicacao
BPAC3;Servicos Financeiros
BRSR3;Servicos Financeiros
SNSY3;Consumo Ciclico
BRKM6;Materiais Basicos
CPLE5;Utilidades
DEXP4;Materiais Basicos
FESA3;Materiais Basicos
TKNO3;Materiais Basicos
SNSY5;Consumo Ciclico
MNZC3;Servicos Financeiros
PLAS3;Consumo Ciclico
APTI4;Industriais
JOPA4;Consumo Defensivo